fever,cough,headache,stomach_pain,fatigue,sore_throat,heart_pain,vomiting,dizziness,body_pain,runny_nose,chills,sweating,disease
1,1,0,0,1,1,0,0,0,1,0,1,0,flu
1,1,0,0,1,0,0,0,0,1,0,1,1,flu
1,1,0,0,1,1,0,0,0,1,1,0,0,flu
1,0,0,0,1,0,0,0,0,1,0,1,0,viral_fever
1,0,0,0,1,0,0,0,0,1,0,0,1,viral_fever
0,1,0,0,0,1,0,0,0,0,1,0,0,cold
0,1,0,0,1,1,0,0,0,0,1,0,0,cold
1,1,1,0,1,0,0,0,0,1,0,1,1,covid
1,1,0,0,1,0,0,0,1,1,0,1,1,covid
0,0,1,0,1,0,0,0,1,0,0,0,0,migraine
0,0,1,0,1,0,0,0,0,0,0,0,0,migraine
0,0,0,1,0,0,0,1,0,0,0,0,0,gastritis
0,0,0,1,1,0,0,0,0,0,0,0,0,gastritis
1,0,0,1,1,0,0,1,1,1,0,1,0,dengue
1,0,0,0,1,0,0,0,1,1,0,1,1,dengue
0,0,0,1,1,0,0,1,0,0,0,0,0,food_poisoning
0,0,0,1,0,0,0,1,1,0,0,0,0,food_poisoning
1,1,0,0,1,0,1,0,1,1,0,1,1,pneumonia
1,1,0,0,1,0,1,0,0,1,0,1,1,pneumonia
1,0,1,0,1,0,0,0,1,1,0,1,0,typhoid
1,0,1,0,1,0,0,0,0,1,0,1,0,typhoid
0,0,0,0,0,1,0,0,0,0,0,0,0,throat_infection
0,1,0,0,0,1,0,0,0,0,1,0,0,throat_infection
0,1,0,0,1,0,0,0,1,1,1,0,0,bronchitis
0,1,0,0,1,0,0,0,0,1,1,0,0,bronchitis
0,0,0,0,1,0,1,0,1,1,0,0,1,heart_problem
0,0,0,0,1,0,1,0,0,1,0,0,1,heart_problem
0,0,0,0,1,0,0,0,1,1,0,0,0,stress_related
0,0,1,0,1,0,0,0,1,0,0,0,0,stress_related
0,0,0,1,0,0,0,1,1,0,0,0,0,stomach_infection
0,0,0,1,1,0,0,1,1,1,0,0,0,stomach_infection
1,0,0,0,1,0,0,0,1,1,0,1,1,malaria
1,0,0,0,1,0,0,0,0,1,0,1,0,malaria
0,0,0,0,1,0,0,0,1,1,0,0,0,anemia
0,0,1,0,1,0,0,0,1,0,0,0,0,anemia
0,1,1,0,0,1,0,0,0,0,1,0,0,sinusitis
0,1,1,0,0,1,0,0,0,0,1,0,1,sinusitis
0,1,0,0,1,0,1,0,1,0,0,0,1,asthma
0,1,0,0,1,0,1,0,0,0,0,0,1,asthma
0,0,0,0,1,0,0,0,0,0,0,0,0,diabetes
0,0,0,0,1,0,0,0,1,0,0,0,0,diabetes
0,0,0,0,1,0,0,0,0,0,0,1,0,diabetes
0,0,1,0,1,0,1,0,1,1,0,0,1,hypertension
0,0,1,0,1,0,1,0,0,1,0,0,1,hypertension
0,1,0,0,1,0,0,0,1,1,1,0,1,allergy
0,1,0,0,0,1,0,0,0,0,1,0,0,allergy
0,1,0,0,1,0,0,0,1,1,0,0,1,tuberculosis
1,1,0,0,1,0,0,0,1,1,0,1,1,tuberculosis
0,0,0,1,1,0,0,1,1,0,0,0,0,uti
0,0,0,1,1,0,0,1,0,0,0,0,0,uti
0,0,0,1,1,0,0,1,1,1,0,0,0,kidney_infection
0,0,1,1,1,0,0,1,1,1,0,0,0,kidney_infection
1,0,1,0,1,0,0,0,1,1,0,0,1,hepatitis
1,0,0,0,1,0,0,0,1,1,0,1,1,hepatitis
0,0,0,0,1,0,0,0,1,1,0,0,0,dehydration
0,0,0,0,1,0,0,0,1,0,0,0,1,dehydration
0,0,1,0,1,0,0,0,1,0,0,0,0,anxiety_disorder
0,0,1,0,1,0,0,0,1,1,0,0,0,anxiety_disorder
0,0,1,0,1,0,0,0,1,0,0,0,1,depression
0,0,1,0,1,0,0,0,0,0,0,0,0,depression
0,0,1,0,1,0,0,0,0,0,0,0,0,insomnia
0,0,1,0,1,0,0,0,1,0,0,0,0,insomnia
0,0,0,0,1,0,0,0,0,1,0,0,0,obesity
0,0,0,0,1,0,0,0,0,1,0,0,1,obesity
0,0,0,0,1,0,0,0,1,1,0,0,0,hypothyroidism
0,0,1,0,1,0,0,0,1,0,0,0,0,hypothyroidism
0,0,0,0,1,0,0,0,1,0,0,0,1,hyperthyroidism
0,0,1,0,1,0,0,0,1,1,0,0,1,hyperthyroidism
0,0,0,0,1,0,0,0,1,1,0,0,0,arthritis
0,0,1,0,1,0,0,0,1,1,0,0,0,arthritis
0,0,0,0,1,0,0,0,1,0,0,0,0,osteoporosis
0,0,1,0,1,0,0,0,0,0,0,0,0,osteoporosis
0,0,0,0,1,0,0,0,1,1,0,0,1,skin_infection
0,0,0,0,1,0,0,0,0,1,0,0,1,skin_infection
0,0,0,0,1,0,0,0,1,1,0,0,1,eczema
0,0,0,0,1,0,0,0,1,0,0,0,1,eczema
0,0,0,0,1,0,0,0,1,1,0,0,1,psoriasis
0,0,1,0,1,0,0,0,1,1,0,0,1,psoriasis
0,0,0,1,1,0,0,1,1,1,0,0,0,appendicitis
1,0,0,1,1,0,0,1,1,1,0,0,0,appendicitis
0,1,0,0,0,1,0,0,0,0,1,0,0,ear_infection
0,1,1,0,0,1,0,0,0,0,1,0,0,ear_infection
0,1,1,0,0,1,0,0,0,0,1,0,0,conjunctivitis
0,1,1,0,0,1,0,0,1,0,1,0,0,conjunctivitis